{
  "project_info": {
    "project_number": "731617252587",
    "firebase_url": "https://bc-eats-project.firebaseio.com",
    "project_id": "bc-eats-project",
    "storage_bucket": "bc-eats-project.appspot.com"
  },
  "client": [
    {
      "client_info": {
        "mobilesdk_app_id": "1:731617252587:android:dd45b95fcdc0a3be389aae",
        "android_client_info": {
          "package_name": "com.example.bceats20"
        }
      },
      "oauth_client": [
        {
          "client_id": "731617252587-ku8vulii80hsqf1nhj5vt4r68o7rtvk3.apps.googleusercontent.com",
          "client_type": 1,
          "android_info": {
            "package_name": "com.example.bceats20",
            "certificate_hash": "d68f1322e20ccdeef14a93b3c9c3fa0312855d69"
          }
        },
        {
          "client_id": "731617252587-1njllgs983lvrn92kkc1aa4cu1p4kktq.apps.googleusercontent.com",
          "client_type": 1,
          "android_info": {
            "package_name": "com.example.bceats20",
            "certificate_hash": "52ca889285c69225b37d5b10534ee377da6b2d48"
          }
        },
        {
          "client_id": "731617252587-ck7qasto6l87dpt28615fh1d4hvhtnkb.apps.googleusercontent.com",
          "client_type": 1,
          "android_info": {
            "package_name": "com.example.bceats20",
            "certificate_hash": "108201b0736c4b9ec55d770d0f9a88067fbb74ac"
          }
        },
        {
          "client_id": "731617252587-afft6k0n37p5guvve4doj7rfajkjf0jv.apps.googleusercontent.com",
          "client_type": 3
        }
      ],
      "api_key": [
        {
          "current_key": "AIzaSyClIeBqUlfLObesNeDPcWbq-H7JF1gmyxA"
        }
      ],
      "services": {
        "appinvite_service": {
          "other_platform_oauth_client": [
            {
              "client_id": "731617252587-afft6k0n37p5guvve4doj7rfajkjf0jv.apps.googleusercontent.com",
              "client_type": 3
            }
          ]
        }
      }
    }
  ],
  "configuration_version": "1"
}